Workbook

Sheet Portfolio
A1: ID | B1: Company Name | C1: Purchase Date | D1: Owner | E1: Type | F1: Stock Name | G1: Is USD | H1: Qty | I1: Buy Price | J1: AUD > US exc. | K1: AUD Price | L1: US Price
A2: AAPL_1 | B2: Apple Inc. | C2: 44116 | D2: Gabriel | E2: Stock | F2: AAPL | G2: Yes | H2: 83.4307 | I2: 119.86 | J2: =IFERROR(INDEX(Rates!$B:$B,MATCH(C2,Rates!$A:$A,0)),"N/A") -> 0.72134 | K2: =IF(Holdings[[#This Row],[Is USD]]="No",Holdings[[#This Row],[Buy Price]]*Holdings[[#This Row],[Qty]],Holdings[[#This Row],[US Price]]/Holdings[[#This Row],[AUD > US exc.]]) -> 13863.093 | L2: =IF(Holdings[[#This Row],[Is USD]]="Yes",Holdings[[#This Row],[Buy Price]]*Holdings[[#This Row],[Qty]],"") -> 10000.004
A3: AMZN_1 | B3: Amazon.com Inc. | C3: 44350 | D3: Arina | E3: Stock | F3: AMZN | G3: Yes | H3: 20 | I3: 160 | J3: =IFERROR(INDEX(Rates!$B:$B,MATCH(C3,Rates!$A:$A,0)),"N/A") -> 0.77172 | K3: =IF(Holdings[[#This Row],[Is USD]]="No",Holdings[[#This Row],[Buy Price]]*Holdings[[#This Row],[Qty]],Holdings[[#This Row],[US Price]]/Holdings[[#This Row],[AUD > US exc.]]) -> 4146.5817 | L3: =IF(Holdings[[#This Row],[Is USD]]="Yes",Holdings[[#This Row],[Buy Price]]*Holdings[[#This Row],[Qty]],"") -> 3200
A4: AMZN_2 | B4: Amazon.com Inc. | C4: 44116 | D4: Gabriel | E4: Stock | F4: AMZN | G4: Yes | H4: 63.36 | I4: 157.83 | J4: =IFERROR(INDEX(Rates!$B:$B,MATCH(C4,Rates!$A:$A,0)),"N/A") -> 0.72134 | K4: =IF(Holdings[[#This Row],[Is USD]]="No",Holdings[[#This Row],[Buy Price]]*Holdings[[#This Row],[Qty]],Holdings[[#This Row],[US Price]]/Holdings[[#This Row],[AUD > US exc.]]) -> 13863.239 | L4: =IF(Holdings[[#This Row],[Is USD]]="Yes",Holdings[[#This Row],[Buy Price]]*Holdings[[#This Row],[Qty]],"") -> 10000.109
A5: ARKK_1 | B5: ARK Innovation ETF | C5: 44300 | D5: Arina | E5: Stock | F5: ARKK | G5: Yes | H5: 31.176929 | I5: 128.3 | J5: =IFERROR(INDEX(Rates!$B:$B,MATCH(C5,Rates!$A:$A,0)),"N/A") -> 0.76885 | K5: =IF(Holdings[[#This Row],[Is USD]]="No",Holdings[[#This Row],[Buy Price]]*Holdings[[#This Row],[Qty]],Holdings[[#This Row],[US Price]]/Holdings[[#This Row],[AUD > US exc.]]) -> 5202.5753 | L5: =IF(Holdings[[#This Row],[Is USD]]="Yes",Holdings[[#This Row],[Buy Price]]*Holdings[[#This Row],[Qty]],"") -> 4000
A6: ASX:NDQ_1 | B6: BetaShares NASDAQ 100 ETF | C6: 44322 | D6: Arina | E6: Stock | F6: ASX:NDQ | G6: No | H6: 233 | I6: 28.9 | J6: =IFERROR(INDEX(Rates!$B:$B,MATCH(C6,Rates!$A:$A,0)),"N/A") -> 0.77571 | K6: =IF(Holdings[[#This Row],[Is USD]]="No",Holdings[[#This Row],[Buy Price]]*Holdings[[#This Row],[Qty]],Holdings[[#This Row],[US Price]]/Holdings[[#This Row],[AUD > US exc.]]) -> 6733.7 | L6: =IF(Holdings[[#This Row],[Is USD]]="Yes",Holdings[[#This Row],[Buy Price]]*Holdings[[#This Row],[Qty]],"")
A7: ASX:NDQ_2 | B7: BetaShares NASDAQ 100 ETF | C7: 44204 | D7: Gabriel | E7: Stock | F7: ASX:NDQ | G7: No | H7: 258 | I7: 27.6 | J7: =IFERROR(INDEX(Rates!$B:$B,MATCH(C7,Rates!$A:$A,0)),"N/A") -> 0.77738 | K7: =IF(Holdings[[#This Row],[Is USD]]="No",Holdings[[#This Row],[Buy Price]]*Holdings[[#This Row],[Qty]],Holdings[[#This Row],[US Price]]/Holdings[[#This Row],[AUD > US exc.]]) -> 7120.8 | L7: =IF(Holdings[[#This Row],[Is USD]]="Yes",Holdings[[#This Row],[Buy Price]]*Holdings[[#This Row],[Qty]],"")
A8: ASX:VAS_1 | B8: Vanguard Australian Shares Index ETF | C8: 44204 | D8: Gabriel | E8: Stock | F8: ASX:VAS | G8: No | H8: 178 | I8: 85.91 | J8: =IFERROR(INDEX(Rates!$B:$B,MATCH(C8,Rates!$A:$A,0)),"N/A") -> 0.77738 | K8: =IF(Holdings[[#This Row],[Is USD]]="No",Holdings[[#This Row],[Buy Price]]*Holdings[[#This Row],[Qty]],Holdings[[#This Row],[US Price]]/Holdings[[#This Row],[AUD > US exc.]]) -> 15291.98 | L8: =IF(Holdings[[#This Row],[Is USD]]="Yes",Holdings[[#This Row],[Buy Price]]*Holdings[[#This Row],[Qty]],"")
A9: ASX:VEU_1 | B9: Vanguard All-World ex-US Shares Index ETF | C9: 44322 | D9: Arina | E9: Stock | F9: ASX:VEU | G9: No | H9: 48 | I9: 80.92 | J9: =IFERROR(INDEX(Rates!$B:$B,MATCH(C9,Rates!$A:$A,0)),"N/A") -> 0.77571 | K9: =IF(Holdings[[#This Row],[Is USD]]="No",Holdings[[#This Row],[Buy Price]]*Holdings[[#This Row],[Qty]],Holdings[[#This Row],[US Price]]/Holdings[[#This Row],[AUD > US exc.]]) -> 3884.16 | L9: =IF(Holdings[[#This Row],[Is USD]]="Yes",Holdings[[#This Row],[Buy Price]]*Holdings[[#This Row],[Qty]],"")
A10: ASX:VEU_2 | B10: Vanguard All-World ex-US Shares Index ETF | C10: 44204 | D10: Gabriel | E10: Stock | F10: ASX:VEU | G10: No | H10: 125 | I10: 77.45 | J10: =IFERROR(INDEX(Rates!$B:$B,MATCH(C10,Rates!$A:$A,0)),"N/A") -> 0.77738 | K10: =IF(Holdings[[#This Row],[Is USD]]="No",Holdings[[#This Row],[Buy Price]]*Holdings[[#This Row],[Qty]],Holdings[[#This Row],[US Price]]/Holdings[[#This Row],[AUD > US exc.]]) -> 9681.25 | L10: =IF(Holdings[[#This Row],[Is USD]]="Yes",Holdings[[#This Row],[Buy Price]]*Holdings[[#This Row],[Qty]],"")
A11: ASX:VTS_1 | B11: Vanguard US Total Market Shares Index ETF | C11: 44204 | D11: Gabriel | E11: Stock | F11: ASX:VTS | G11: No | H11: 29 | I11: 255.38 | J11: =IFERROR(INDEX(Rates!$B:$B,MATCH(C11,Rates!$A:$A,0)),"N/A") -> 0.77738 | K11: =IF(Holdings[[#This Row],[Is USD]]="No",Holdings[[#This Row],[Buy Price]]*Holdings[[#This Row],[Qty]],Holdings[[#This Row],[US Price]]/Holdings[[#This Row],[AUD > US exc.]]) -> 7406.02 | L11: =IF(Holdings[[#This Row],[Is USD]]="Yes",Holdings[[#This Row],[Buy Price]]*Holdings[[#This Row],[Qty]],"")
A12: BTCAUD_1 | B12: Bitcoin (AUD) | C12: 44538 | D12: Gabriel | E12: Stock | F12: BTCAUD | G12: No | H12: 0.07234 | I12: 69214 | J12: =IFERROR(INDEX(Rates!$B:$B,MATCH(C12,Rates!$A:$A,0)),"N/A") -> 0.71328 | K12: =IF(Holdings[[#This Row],[Is USD]]="No",Holdings[[#This Row],[Buy Price]]*Holdings[[#This Row],[Qty]],Holdings[[#This Row],[US Price]]/Holdings[[#This Row],[AUD > US exc.]]) -> 5006.9408 | L12: =IF(Holdings[[#This Row],[Is USD]]="Yes",Holdings[[#This Row],[Buy Price]]*Holdings[[#This Row],[Qty]],"")
A13: CRM_1 | B13: Salesforce Inc. | C13: 44230 | D13: Gabriel | E13: Stock | F13: CRM | G13: Yes | H13: 27.7088 | I13: 235 | J13: =IFERROR(INDEX(Rates!$B:$B,MATCH(C13,Rates!$A:$A,0)),"N/A") -> 0.76149 | K13: =IF(Holdings[[#This Row],[Is USD]]="No",Holdings[[#This Row],[Buy Price]]*Holdings[[#This Row],[Qty]],Holdings[[#This Row],[US Price]]/Holdings[[#This Row],[AUD > US exc.]]) -> 8551.088 | L13: =IF(Holdings[[#This Row],[Is USD]]="Yes",Holdings[[#This Row],[Buy Price]]*Holdings[[#This Row],[Qty]],"") -> 6511.568
... A20: TSLA_2 | B20: Tesla Inc. | C20: 44116 | D20: Gabriel | E20: Stock | F20: TSLA | G20: Yes | H20: 57.31 | I20: 140.13 | J20: =IFERROR(INDEX(Rates!$B:$B,MATCH(C20,Rates!$A:$A,0)),"N/A") -> 0.72134 | K20: =IF(Holdings[[#This Row],[Is USD]]="No",Holdings[[#This Row],[Buy Price]]*Holdings[[#This Row],[Qty]],Holdings[[#This Row],[US Price]]/Holdings[[#This Row],[AUD > US exc.]]) -> 11133.239 | L20: =IF(Holdings[[#This Row],[Is USD]]="Yes",Holdings[[#This Row],[Buy Price]]*Holdings[[#This Row],[Qty]],"") -> 8030.8503

Sheet Rates
A1: Date | B1: AUD → USD Rate
A2: 46120 | B2: 0.70565
A3: 46119 | B3: 0.69349
A4: 46114 | B4: 0.6872
A5: 46113 | B5: 0.69537
A6: 46112 | B6: 0.68879
A7: 46111 | B7: 0.68602
A8: 46108 | B8: 0.68836
A9: 46107 | B9: 0.69125
A10: 46106 | B10: 0.69634
A11: 46105 | B11: 0.69493
A12: 46104 | B12: 0.70198
A13: 46101 | B13: 0.70668
... A1219: 44105 | B1219: 0.72014

Sheet Stock Prices
A1: Date | B1: Ticker | C1: USD Price | D1: AUD Price | E1: Modified On
A2: 46121 | B2: AAPL | C2: 260.49 | D2: =IFERROR(C2/INDEX(Rates!$B:$B,MATCH(A2,Rates!$A:$A,0)),"") | E2: 46122.606
A3: 46121 | B3: AMZN | C3: 233.65 | D3: =IFERROR(C3/INDEX(Rates!$B:$B,MATCH(A3,Rates!$A:$A,0)),"") | E3: 46122.606
A4: 46121 | B4: ARKK | C4: 68.92 | D4: =IFERROR(C4/INDEX(Rates!$B:$B,MATCH(A4,Rates!$A:$A,0)),"") | E4: 46122.606
A5: 46121 | B5: CRM | C5: 170.85 | D5: =IFERROR(C5/INDEX(Rates!$B:$B,MATCH(A5,Rates!$A:$A,0)),"") | E5: 46122.606
A6: 46121 | B6: DIS | C6: 99.79 | D6: =IFERROR(C6/INDEX(Rates!$B:$B,MATCH(A6,Rates!$A:$A,0)),"") | E6: 46122.606
A7: 46121 | B7: FDX | C7: 377 | D7: =IFERROR(C7/INDEX(Rates!$B:$B,MATCH(A7,Rates!$A:$A,0)),"") | E7: 46122.606
A8: 46121 | B8: MSFT | C8: 373.07 | D8: =IFERROR(C8/INDEX(Rates!$B:$B,MATCH(A8,Rates!$A:$A,0)),"") | E8: 46122.606
A9: 46121 | B9: NIO | C9: 6.07 | D9: =IFERROR(C9/INDEX(Rates!$B:$B,MATCH(A9,Rates!$A:$A,0)),"") | E9: 46122.606
A10: 46121 | B10: TSLA | C10: 345.62 | D10: =IFERROR(C10/INDEX(Rates!$B:$B,MATCH(A10,Rates!$A:$A,0)),"") | E10: 46122.606
A11: 46120 | B11: AAPL | C11: 258.9 | D11: =IFERROR(C11/INDEX(Rates!$B:$B,MATCH(A11,Rates!$A:$A,0)),"") -> 366.89577 | E11: 46122.606
A12: 46120 | B12: AMZN | C12: 221.25 | D12: =IFERROR(C12/INDEX(Rates!$B:$B,MATCH(A12,Rates!$A:$A,0)),"") -> 313.54071 | E12: 46122.606
A13: 46120 | B13: ARKK | C13: 70.36 | D13: =IFERROR(C13/INDEX(Rates!$B:$B,MATCH(A13,Rates!$A:$A,0)),"") -> 99.709488 | E13: 46122.606
... A163: 46097 | B163: TSLA | C163: 395.56 | D163: =IFERROR(C163/INDEX(Rates!$B:$B,MATCH(A163,Rates!$A:$A,0)),"") -> 560.77575 | E163: 46122.606
A164: 46094 | B164: AMZN | C164: 207.67 | D164: =IFERROR(C164/INDEX(Rates!$B:$B,MATCH(A164,Rates!$A:$A,0)),"") -> 294.83921
A165: 46094 | B165: CRM | C165: 192.83 | D165: =IFERROR(C165/INDEX(Rates!$B:$B,MATCH(A165,Rates!$A:$A,0)),"") -> 273.77014
A166: 46094 | B166: DIS | C166: 99.29 | D166: =IFERROR(C166/INDEX(Rates!$B:$B,MATCH(A166,Rates!$A:$A,0)),"") -> 140.96685
A167: 46094 | B167: FDX | C167: 351.68 | D167: =IFERROR(C167/INDEX(Rates!$B:$B,MATCH(A167,Rates!$A:$A,0)),"") -> 499.29722
A168: 46094 | B168: MSFT | C168: 395.55 | D168: =IFERROR(C168/INDEX(Rates!$B:$B,MATCH(A168,Rates!$A:$A,0)),"") -> 561.5816
A169: 46094 | B169: NIO | C169: 5.86 | D169: =IFERROR(C169/INDEX(Rates!$B:$B,MATCH(A169,Rates!$A:$A,0)),"") -> 8.3197274
A170: 46094 | B170: TSLA | C170: 391.2 | D170: =IFERROR(C170/INDEX(Rates!$B:$B,MATCH(A170,Rates!$A:$A,0)),"") -> 555.40569
A171: 46094 | B171: ASXNDQ | D171: 51.26
A172: 46094 | B172: ASX:VAS | D172: 107.56
A173: 46094 | B173: ASX:VEU | D173: 107.6
A174: 46094 | B174: ASX:VTS | D174: 465.47
A175: 46094 | B175: ASX:NDQ | D175: 51.26
A176: 46094 | B176: AAPL | C176: 250.12 | D176: =IFERROR(C194/INDEX(Rates!$B:$B,MATCH(A194,Rates!$A:$A,0)),"") -> 141.08516 | E176: 46096.602
A177: 46094 | B177: ARKK | C177: 70.25 | D177: =IFERROR(C197/INDEX(Rates!$B:$B,MATCH(A197,Rates!$A:$A,0)),"") -> 7.6492798 | E177: 46096.613
A178: 46093 | B178: AMZN | C178: 209.53 | D178: =IFERROR(C180/INDEX(Rates!$B:$B,MATCH(A180,Rates!$A:$A,0)),"") -> 139.41
A179: 46093 | B179: CRM | C179: 199.28 | D179: =IFERROR(C181/INDEX(Rates!$B:$B,MATCH(A181,Rates!$A:$A,0)),"") -> 495.12072
A180: 46093 | B180: DIS | C180: 99.43 | D180: =IFERROR(C182/INDEX(Rates!$B:$B,MATCH(A182,Rates!$A:$A,0)),"") -> 563.44466
A181: 46093 | B181: FDX | C181: 353.13 | D181: =IFERROR(C183/INDEX(Rates!$B:$B,MATCH(A183,Rates!$A:$A,0)),"") -> 7.7816102
A182: 46093 | B182: MSFT | C182: 401.86 | D182: =IFERROR(C184/INDEX(Rates!$B:$B,MATCH(A184,Rates!$A:$A,0)),"") -> 553.84033
A183: 46093 | B183: NIO | C183: 5.55 | D183: =IFERROR(C185/INDEX(Rates!$B:$B,MATCH(A185,Rates!$A:$A,0)),"") -> 0
A184: 46093 | B184: TSLA | C184: 395.01 | D184: =IFERROR(C186/INDEX(Rates!$B:$B,MATCH(A186,Rates!$A:$A,0)),"") -> 0
A185: 46093 | B185: ASXNDQ | D185: 51.1
A186: 46093 | B186: ASX:VAS | D186: 107.76
A187: 46093 | B187: ASX:VEU | D187: 106.98
A188: 46093 | B188: ASX:VTS | D188: 462.83
A189: 46093 | B189: ASX:NDQ | D189: 51.1
A190: 46093 | B190: AAPL | C190: 255.76 | D190: =IFERROR(C210/INDEX(Rates!$B:$B,MATCH(A210,Rates!$A:$A,0)),"") -> 570.07179 | E190: 46096.602
A191: 46093 | B191: ARKK | C191: 70.64 | D191: =IFERROR(C212/INDEX(Rates!$B:$B,MATCH(A212,Rates!$A:$A,0)),"") -> 560.91153 | E191: 46096.613
A192: 46092 | B192: AMZN | C192: 212.65 | D192: =IFERROR(C196/INDEX(Rates!$B:$B,MATCH(A196,Rates!$A:$A,0)),"") -> 566.18655
A193: 46092 | B193: CRM | C193: 194.13 | D193: =IFERROR(C197/INDEX(Rates!$B:$B,MATCH(A197,Rates!$A:$A,0)),"") -> 7.6492798
A194: 46092 | B194: DIS | C194: 100.89 | D194: =IFERROR(C198/INDEX(Rates!$B:$B,MATCH(A198,Rates!$A:$A,0)),"") -> 570.29786
A195: 46092 | B195: FDX | C195: 361.39 | D195: =IFERROR(C199/INDEX(Rates!$B:$B,MATCH(A199,Rates!$A:$A,0)),"") -> 0
A196: 46092 | B196: MSFT | C196: 404.88 | D196: =IFERROR(C200/INDEX(Rates!$B:$B,MATCH(A200,Rates!$A:$A,0)),"") -> 0
A197: 46092 | B197: NIO | C197: 5.47 | D197: =IFERROR(C201/INDEX(Rates!$B:$B,MATCH(A201,Rates!$A:$A,0)),"") -> 0
A198: 46092 | B198: TSLA | C198: 407.82 | D198: =IFERROR(C202/INDEX(Rates!$B:$B,MATCH(A202,Rates!$A:$A,0)),"") -> 0
A199: 46092 | B199: ASXNDQ | D199: 51.41
A200: 46092 | B200: ASX:VAS | D200: 109.18
A201: 46092 | B201: ASX:VEU | D201: 108.64
A202: 46092 | B202: ASX:VTS | D202: 466.3
A203: 46092 | B203: ASX:NDQ | D203: 51.41
A204: 46092 | B204: AAPL | C204: 260.81 | D204: =IFERROR(C226/INDEX(Rates!$B:$B,MATCH(A226,Rates!$A:$A,0)),"") -> 568.09017 | E204: 46096.602
A205: 46092 | B205: ARKK | C205: 73.07 | D205: =IFERROR(C227/INDEX(Rates!$B:$B,MATCH(A227,Rates!$A:$A,0)),"") -> 0 | E205: 46096.613
A206: 46091 | B206: AMZN | C206: 214.33 | D206: =IFERROR(C212/INDEX(Rates!$B:$B,MATCH(A212,Rates!$A:$A,0)),"") -> 560.91153
A207: 46091 | B207: CRM | C207: 194.91 | D207: =IFERROR(C213/INDEX(Rates!$B:$B,MATCH(A213,Rates!$A:$A,0)),"") -> 0
A208: 46091 | B208: DIS | C208: 101.32 | D208: =IFERROR(C214/INDEX(Rates!$B:$B,MATCH(A214,Rates!$A:$A,0)),"") -> 0
A209: 46091 | B209: FDX | C209: 359.47 | D209: =IFERROR(C215/INDEX(Rates!$B:$B,MATCH(A215,Rates!$A:$A,0)),"") -> 0
A210: 46091 | B210: MSFT | C210: 405.76 | D210: =IFERROR(C216/INDEX(Rates!$B:$B,MATCH(A216,Rates!$A:$A,0)),"") -> 0
A211: 46091 | B211: NIO | C211: 5.7 | D211: =IFERROR(C217/INDEX(Rates!$B:$B,MATCH(A217,Rates!$A:$A,0)),"") -> 0
A212: 46091 | B212: TSLA | C212: 399.24 | D212: =IFERROR(C218/INDEX(Rates!$B:$B,MATCH(A218,Rates!$A:$A,0)),"") -> 102.40668
A213: 46091 | B213: ASXNDQ | D213: 51.99
A214: 46091 | B214: ASX:VAS | D214: 108.48
A215: 46091 | B215: ASX:VEU | D215: 108.76
A216: 46091 | B216: ASX:VTS | D216: 472.14
A217: 46091 | B217: ASX:NDQ | D217: 51.99
A218: 46091 | B218: ARKK | C218: 72.89 | D218: =IFERROR(C241/INDEX(Rates!$B:$B,MATCH(A241,Rates!$A:$A,0)),"") -> 0 | E218: 46096.613
A219: 46091 | B219: AAPL | C219: 260.83 | D219: =IFERROR(C243/INDEX(Rates!$B:$B,MATCH(A243,Rates!$A:$A,0)),"") -> 0 | E219: 46096.602
A220: 46090 | B220: AMZN | C220: 213.49 | D220: =IFERROR(C228/INDEX(Rates!$B:$B,MATCH(A228,Rates!$A:$A,0)),"") -> 0
A221: 46090 | B221: CRM | C221: 198.79 | D221: =IFERROR(C229/INDEX(Rates!$B:$B,MATCH(A229,Rates!$A:$A,0)),"") -> 0
A222: 46090 | B222: DIS | C222: 101.66 | D222: =IFERROR(C230/INDEX(Rates!$B:$B,MATCH(A230,Rates!$A:$A,0)),"") -> 0
A223: 46090 | B223: FDX | C223: 361.1 | D223: =IFERROR(C231/INDEX(Rates!$B:$B,MATCH(A231,Rates!$A:$A,0)),"") -> 0
A224: 46090 | B224: MSFT | C224: 409.41 | D224: =IFERROR(C232/INDEX(Rates!$B:$B,MATCH(A232,Rates!$A:$A,0)),"") -> 105.85788
A225: 46090 | B225: NIO | C225: 4.94 | D225: =IFERROR(C233/INDEX(Rates!$B:$B,MATCH(A233,Rates!$A:$A,0)),"") -> 370.31021
A226: 46090 | B226: TSLA | C226: 398.68 | D226: =IFERROR(C234/INDEX(Rates!$B:$B,MATCH(A234,Rates!$A:$A,0)),"") -> 304.31618
A227: 46090 | B227: ASXNDQ | D227: 50.75
A228: 46090 | B228: ASX:VAS | D228: 107.22
A229: 46090 | B229: ASX:VEU | D229: 106.01
A230: 46090 | B230: ASX:VTS | D230: 464.13
A231: 46090 | B231: ASX:NDQ | D231: 50.75
A232: 46090 | B232: ARKK | C232: 74.29 | D232: =IFERROR(C256/INDEX(Rates!$B:$B,MATCH(A256,Rates!$A:$A,0)),"") -> 0 | E232: 46096.613
A233: 46090 | B233: AAPL | C233: 259.88 | D233: =IFERROR(C259/INDEX(Rates!$B:$B,MATCH(A259,Rates!$A:$A,0)),"") -> 0 | E233: 46096.602
A234: 46087 | B234: AMZN | C234: 213.21 | D234: =IFERROR(C244/INDEX(Rates!$B:$B,MATCH(A244,Rates!$A:$A,0)),"") -> 0
A235: 46087 | B235: CRM | C235: 202.11 | D235: =IFERROR(C245/INDEX(Rates!$B:$B,MATCH(A245,Rates!$A:$A,0)),"") -> 0
A236: 46087 | B236: DIS | C236: 101.54 | D236: =IFERROR(C246/INDEX(Rates!$B:$B,MATCH(A246,Rates!$A:$A,0)),"") -> 103.33704
A237: 46087 | B237: FDX | C237: 359.1 | D237: =IFERROR(C247/INDEX(Rates!$B:$B,MATCH(A247,Rates!$A:$A,0)),"") -> 367.47452
A238: 46087 | B238: MSFT | C238: 408.96 | D238: =IFERROR(C248/INDEX(Rates!$B:$B,MATCH(A248,Rates!$A:$A,0)),"") -> 310.75154
A239: 46087 | B239: NIO | C239: 4.78 | D239: =IFERROR(C249/INDEX(Rates!$B:$B,MATCH(A249,Rates!$A:$A,0)),"") -> 285.84203
A240: 46087 | B240: TSLA | C240: 396.73 | D240: =IFERROR(C250/INDEX(Rates!$B:$B,MATCH(A250,Rates!$A:$A,0)),"") -> 145.35519
A241: 46087 | B241: ASXNDQ | D241: 52.6
A242: 46087 | B242: ASX:VAS | D242: 110.44
A243: 46087 | B243: ASX:VEU | D243: 110.49
A244: 46087 | B244: ASX:VTS | D244: 479.28
A245: 46087 | B245: ASX:NDQ | D245: 52.6
A246: 46087 | B246: ARKK | C246: 72.4 | D246: =IFERROR(C271/INDEX(Rates!$B:$B,MATCH(A271,Rates!$A:$A,0)),"") -> 0 | E246: 46096.613
A247: 46087 | B247: AAPL | C247: 257.46 | D247: =IFERROR(C275/INDEX(Rates!$B:$B,MATCH(A275,Rates!$A:$A,0)),"") -> 371.90984 | E247: 46096.602
A248: 46086 | B248: AMZN | C248: 218.94 | D248: =IFERROR(C260/INDEX(Rates!$B:$B,MATCH(A260,Rates!$A:$A,0)),"") -> 105.01739
A249: 46086 | B249: CRM | C249: 201.39 | D249: =IFERROR(C261/INDEX(Rates!$B:$B,MATCH(A261,Rates!$A:$A,0)),"") -> 369.44149
...

Sheet Portfolio Tracking
A1: Date | B1: Ticker ID | C1: Ticker | D1: Qty | E1: USD Unit Price | F1: AUD Unit Price | G1: USD Total Price | H1: AUD Total Price | I1: Owner
A2: 44116 | B2: AAPL_1 | C2: AAPL | D2: 83.4307 | E2: 124.4 | G2: 10378.779 | H2: 14388.193 | I2: Gabriel
A3: 44116 | B3: AMZN_2 | C3: AMZN | D3: 63.36 | E3: 172.15 | G3: 10907.424 | H3: 15121.058 | I3: Gabriel
A4: 44116 | B4: MSFT_1 | C4: MSFT | D4: 33.1788 | E4: 221.4 | G4: 7345.7863 | H4: 10183.528 | I4: Gabriel
A5: 44116 | B5: TSLA_2 | C5: TSLA | D5: 57.31 | E5: 147.43 | G5: 8449.2133 | H5: 11713.219 | I5: Gabriel
A6: 44123 | B6: AAPL_1 | C6: AAPL | D6: 83.4307 | E6: 115.98 | G6: 9676.2926 | H6: 13609.222 | I6: Gabriel
A7: 44123 | B7: AMZN_2 | C7: AMZN | D7: 63.36 | E7: 160.36 | G7: 10160.41 | H7: 14290.108 | I7: Gabriel
A8: 44123 | B8: MSFT_1 | C8: MSFT | D8: 33.1788 | E8: 214.22 | G8: 7107.5625 | H8: 9996.4312 | I8: Gabriel
A9: 44123 | B9: TSLA_2 | C9: TSLA | D9: 57.31 | E9: 143.61 | G9: 8230.2891 | H9: 11575.49 | I9: Gabriel
A10: 44130 | B10: AAPL_1 | C10: AAPL | D10: 83.4307 | E10: 115.05 | G10: 9598.702 | H10: 13475.078 | I10: Gabriel
A11: 44130 | B11: AMZN_2 | C11: AMZN | D11: 63.36 | E11: 160.35 | G11: 10159.776 | H11: 14262.738 | I11: Gabriel
A12: 44130 | B12: MSFT_1 | C12: MSFT | D12: 33.1788 | E12: 210.08 | G12: 6970.2023 | H12: 9785.0748 | I12: Gabriel
A13: 44130 | B13: TSLA_2 | C13: TSLA | D13: 57.31 | E13: 140.09 | G13: 8028.5579 | H13: 11270.841 | I13: Gabriel
... A55: 44207 | B55: AMZN_2 | C55: AMZN | D55: 63.36 | E55: 155.71 | G55: 9865.7856 | H55: 12802.068 | I55: Gabriel
A56: 44207 | B56: ASX:NDQ_2 | C56: ASX:NDQ | D56: 258 | F56: 28.04 | H56: 7234.32 | I56: Gabriel
A57: 44207 | B57: ASX:VAS_1 | C57: ASX:VAS | D57: 178 | F57: 85.45 | H57: 15210.1 | I57: Gabriel
A58: 44207 | B58: ASX:VEU_2 | C58: ASX:VEU | D58: 125 | F58: 78.44 | H58: 9805 | I58: Gabriel
A59: 44207 | B59: ASX:VTS_1 | C59: ASX:VTS | D59: 29 | F59: 257.26 | H59: 7460.54 | I59: Gabriel
A60: 44207 | B60: MSFT_1 | C60: MSFT | D60: 33.1788 | E60: 217.49 | G60: 7216.0572 | H60: 9363.72 | I60: Gabriel
A61: 44207 | B61: TSLA_2 | C61: TSLA | D61: 57.31 | E61: 270.4 | G61: 15496.624 | H61: 20108.772 | I61: Gabriel
A62: 44214 | B62: AAPL_1 | C62: AAPL | D62: 83.4307 | E62: 127.83 | G62: 10664.946 | H62: 13897.869 | I62: Gabriel
A63: 44214 | B63: AMZN_2 | C63: AMZN | D63: 63.36 | E63: 156.04 | G63: 9886.6944 | H63: 12883.701 | I63: Gabriel
A64: 44214 | B64: ASX:NDQ_2 | C64: ASX:NDQ | D64: 258 | F64: 27.5 | H64: 7095 | I64: Gabriel
A65: 44214 | B65: ASX:VAS_1 | C65: ASX:VAS | D65: 178 | F65: 84.96 | H65: 15122.88 | I65: Gabriel
A66: 44214 | B66: ASX:VEU_2 | C66: ASX:VEU | D66: 125 | F66: 78.09 | H66: 9761.25 | I66: Gabriel
A67: 44214 | B67: ASX:VTS_1 | C67: ASX:VTS | D67: 29 | F67: 255.91 | H67: 7421.39 | I67: Gabriel
A68: 44214 | B68: MSFT_1 | C68: MSFT | D68: 33.1788 | E68: 216.44 | G68: 7181.2195 | H68: 9358.1009 | I68: Gabriel
A69: 44214 | B69: TSLA_2 | C69: TSLA | D69: 57.31 | E69: 281.52 | G69: 16133.911 | H69: 21024.67 | I69: Gabriel
A70: 44221 | B70: AAPL_1 | C70: AAPL | D70: 83.4307 | E70: 142.92 | G70: 11923.916 | H70: 15432.892 | I70: Gabriel
A71: 44221 | B71: AMZN_2 | C71: AMZN | D71: 63.36 | E71: 164.7 | G71: 10435.392 | H71: 13506.325 | I71: Gabriel
A72: 44221 | B72: ASX:NDQ_2 | C72: ASX:NDQ | D72: 258 | F72: 28.8 | H72: 7430.4 | I72: Gabriel
A73: 44221 | B73: ASX:VAS_1 | C73: ASX:VAS | D73: 178 | F73: 87.1 | H73: 15503.8 | I73: Gabriel
A74: 44221 | B74: ASX:VEU_2 | C74: ASX:VEU | D74: 125 | F74: 79.43 | H74: 9928.75 | I74: Gabriel
A75: 44221 | B75: ASX:VTS_1 | C75: ASX:VTS | D75: 29 | F75: 260.6 | H75: 7557.4 | I75: Gabriel
A76: 44221 | B76: MSFT_1 | C76: MSFT | D76: 33.1788 | E76: 229.53 | G76: 7615.53 | H76: 9856.6325 | I76: Gabriel
A77: 44221 | B77: TSLA_2 | C77: TSLA | D77: 57.31 | E77: 293.6 | G77: 16826.216 | H77: 21777.845 | I77: Gabriel
A78: 44228 | B78: AAPL_1 | C78: AAPL | D78: 83.4307 | E78: 134.14 | G78: 11191.394 | H78: 14661.663 | I78: Gabriel
A79: 44228 | B79: AMZN_2 | C79: AMZN | D79: 63.36 | E79: 167.14 | G79: 10589.99 | H79: 13873.774 | I79: Gabriel
A80: 44228 | B80: ASX:NDQ_2 | C80: ASX:NDQ | D80: 258 | F80: 28.06 | H80: 7239.48 | I80: Gabriel
A81: 44228 | B81: ASX:VAS_1 | C81: ASX:VAS | D81: 178 | F81: 85.04 | H81: 15137.12 | I81: Gabriel
A82: 44228 | B82: ASX:VEU_2 | C82: ASX:VEU | D82: 125 | F82: 77.34 | H82: 9667.5 | I82: Gabriel
A83: 44228 | B83: ASX:VTS_1 | C83: ASX:VTS | D83: 29 | F83: 254.48 | H83: 7379.92 | I83: Gabriel
A84: 44228 | B84: MSFT_1 | C84: MSFT | D84: 33.1788 | E84: 239.65 | G84: 7951.2994 | H84: 10416.868 | I84: Gabriel
A85: 44228 | B85: TSLA_2 | C85: TSLA | D85: 57.31 | E85: 279.94 | G85: 16043.361 | H85: 21018.146 | I85: Gabriel
A86: 44235 | B86: AAPL_1 | C86: AAPL | D86: 83.4307 | E86: 136.91 | G86: 11422.497 | H86: 14906.622 | I86: Gabriel
A87: 44235 | B87: AMZN_2 | C87: AMZN | D87: 63.36 | E87: 166.15 | G87: 10527.264 | H87: 13738.322 | I87: Gabriel
A88: 44235 | B88: ASX:NDQ_2 | C88: ASX:NDQ | D88: 258 | F88: 29.5 | H88: 7611 | I88: Gabriel
A89: 44235 | B89: ASX:VAS_1 | C89: ASX:VAS | D89: 178 | F89: 87.78 | H89: 15624.84 | I89: Gabriel
A90: 44235 | B90: ASX:VEU_2 | C90: ASX:VEU | D90: 125 | F90: 79.73 | H90: 9966.25 | I90: Gabriel
A91: 44235 | B91: ASX:VTS_1 | C91: ASX:VTS | D91: 29 | F91: 267.02 | H91: 7743.58 | I91: Gabriel
A92: 44235 | B92: CRM_1 | C92: CRM | D92: 27.7088 | E92: 238.93 | G92: 6620.4636 | H92: 8639.8575 | I92: Gabriel
A93: 44235 | B93: MSFT_1 | C93: MSFT | D93: 33.1788 | E93: 242.47 | G93: 8044.8636 | H93: 10498.732 | I93: Gabriel
A94: 44235 | B94: TSLA_2 | C94: TSLA | D94: 57.31 | E94: 287.81 | G94: 16494.391 | H94: 21525.56 | I94: Gabriel
A95: 44242 | B95: AAPL_1 | C95: AAPL | D95: 83.4307 | E95: 133.19 | G95: 11112.135 | H95: 14293.973 | I95: Gabriel
A96: 44242 | B96: AMZN_2 | C96: AMZN | D96: 63.36 | E96: 163.45 | G96: 10356.192 | H96: 13321.574 | I96: Gabriel
A97: 44242 | B97: ASX:NDQ_2 | C97: ASX:NDQ | D97: 258 | F97: 29.51 | H97: 7613.58 | I97: Gabriel
A98: 44242 | B98: ASX:VAS_1 | C98: ASX:VAS | D98: 178 | F98: 87.77 | H98: 15623.06 | I98: Gabriel
A99: 44242 | B99: ASX:VEU_2 | C99: ASX:VEU | D99: 125 | F99: 80.6 | H99: 10075 | I99: Gabriel
A100: 44242 | B100: ASX:VTS_1 | C100: ASX:VTS | D100: 29 | F100: 267.98 | H100: 7771.42 | I100: Gabriel
A101: 44242 | B101: CRM_1 | C101: CRM | D101: 27.7088 | E101: 248.59 | G101: 6888.1306 | H101: 8860.4716 | I101: Gabriel
A102: 44242 | B102: MSFT_1 | C102: MSFT | D102: 33.1788 | E102: 243.7 | G102: 8085.6736 | H102: 10400.918 | I102: Gabriel
A103: 44242 | B103: TSLA_2 | C103: TSLA | D103: 57.31 | E103: 265.41 | G103: 15210.647 | H103: 19566.05 | I103: Gabriel
A104: 44249 | B104: AAPL_1 | C104: AAPL | D104: 83.4307 | E104: 126 | G104: 10512.268 | H104: 13335.872 | I104: Gabriel
A105: 44249 | B105: AMZN_2 | C105: AMZN | D105: 63.36 | E105: 159.04 | G105: 10076.774 | H105: 12783.405 | I105: Gabriel
A106: 44249 | B106: ASX:NDQ_2 | C106: ASX:NDQ | D106: 258 | F106: 28.45 | H106: 7340.1 | I106: Gabriel
A107: 44249 | B107: ASX:VAS_1 | C107: ASX:VAS | D107: 178 | F107: 86.73 | H107: 15437.94 | I107: Gabriel
A108: 44249 | B108: ASX:VEU_2 | C108: ASX:VEU | D108: 125 | F108: 78.87 | H108: 9858.75 | I108: Gabriel
A109: 44249 | B109: ASX:VTS_1 | C109: ASX:VTS | D109: 29 | F109: 260.96 | H109: 7567.84 | I109: Gabriel
A110: 44249 | B110: CRM_1 | C110: CRM | D110: 27.7088 | E110: 240.95 | G110: 6676.4354 | H110: 8469.7316 | I110: Gabriel
A111: 44249 | B111: FDX_1 | C111: FDX | D111: 13.630454 | E111: 254.67 | G111: 3471.2677 | H111: 4403.6532 | I111: Arina
A112: 44249 | B112: MSFT_1 | C112: MSFT | D112: 33.1788 | E112: 234.51 | G112: 7780.7604 | H112: 9870.6793 | I112: Gabriel
A113: 44249 | B113: NIO_1 | C113: NIO | D113: 66.334992 | E113: 50.68 | G113: 3361.8574 | H113: 4264.8552 | I113: Arina
A114: 44249 | B114: TSLA_2 | C114: TSLA | D114: 57.31 | E114: 238.17 | G114: 13649.523 | H114: 17315.796 | I114: Gabriel
A115: 44256 | B115: AAPL_1 | C115: AAPL | D115: 83.4307 | E115: 127.79 | G115: 10661.609 | H115: 13772.554 | I115: Gabriel
A116: 44256 | B116: AMZN_2 | C116: AMZN | D116: 63.36 | E116: 157.31 | G116: 9967.1616 | H116: 12875.474 | I116: Gabriel
A117: 44256 | B117: ASX:NDQ_2 | C117: ASX:NDQ | D117: 258 | F117: 27.9 | H117: 7198.2 | I117: Gabriel
A118: 44256 | B118: ASX:VAS_1 | C118: ASX:VAS | D118: 178 | F118: 87.25 | H118: 15530.5 | I118: Gabriel
A119: 44256 | B119: ASX:VEU_2 | C119: ASX:VEU | D119: 125 | F119: 77.94 | H119: 9742.5 | I119: Gabriel
A120: 44256 | B120: ASX:VTS_1 | C120: ASX:VTS | D120: 29 | F120: 260.82 | H120: 7563.78 | I120: Gabriel
A121: 44256 | B121: CRM_1 | C121: CRM | D121: 27.7088 | E121: 217.54 | G121: 6027.7724 | H121: 7786.6123 | I121: Gabriel
A122: 44256 | B122: FDX_1 | C122: FDX | D122: 13.630454 | E122: 262.09 | G122: 3572.4057 | H122: 4614.7958 | I122: Arina
A123: 44256 | B123: MSFT_1 | C123: MSFT | D123: 33.1788 | E123: 236.94 | G123: 7861.3849 | H123: 10155.254 | I123: Gabriel
A124: 44256 | B124: NIO_1 | C124: NIO | D124: 66.334992 | E124: 49.76 | G124: 3300.8292 | H124: 4263.9761 | I124: Arina
A125: 44256 | B125: TSLA_2 | C125: TSLA | D125: 57.31 | E125: 239.48 | G125: 13724.599 | H125: 17729.291 | I125: Gabriel
A126: 44263 | B126: AAPL_1 | C126: AAPL | D126: 83.4307 | E126: 116.36 | G126: 9707.9963 | H126: 12680.246 | I126: Gabriel
A127: 44263 | B127: AMZN_2 | C127: AMZN | D127: 63.36 | E127: 147.6 | G127: 9351.936 | H127: 12215.172 | I127: Gabriel
A128: 44263 | B128: ASX:NDQ_2 | C128: ASX:NDQ | D128: 258 | F128: 26.95 | H128: 6953.1 | I128: Gabriel
A129: 44263 | B129: ASX:VAS_1 | C129: ASX:VAS | D129: 178 | F129: 86.89 | H129: 15466.42 | I129: Gabriel
A130: 44263 | B130: ASX:VEU_2 | C130: ASX:VEU | D130: 125 | F130: 77.59 | H130: 9698.75 | I130: Gabriel
A131: 44263 | B131: ASX:VTS_1 | C131: ASX:VTS | D131: 29 | F131: 259.85 | H131: 7535.65 | I131: Gabriel
A132: 44263 | B132: CRM_1 | C132: CRM | D132: 27.7088 | E132: 207.72 | G132: 5755.6719 | H132: 7517.8578 | I132: Gabriel
A133: 44263 | B133: FDX_1 | C133: FDX | D133: 13.630454 | E133: 251.34 | G133: 3425.8783 | H133: 4474.7627 | I133: Arina
A134: 44263 | B134: MSFT_1 | C134: MSFT | D134: 33.1788 | E134: 227.39 | G134: 7544.5273 | H134: 9854.3983 | I134: Gabriel
A135: 44263 | B135: NIO_1 | C135: NIO | D135: 66.334992 | E135: 35.21 | G135: 2335.6551 | H135: 3050.7511 | I135: Arina
A136: 44263 | B136: TSLA_2 | C136: TSLA | D136: 57.31 | E136: 187.67 | G136: 10755.368 | H136: 14048.286 | I136: Gabriel
A137: 44270 | B137: AAPL_1 | C137: AAPL | D137: 83.4307 | E137: 123.99 | G137: 10344.572 | H137: 13381.159 | I137: Gabriel
A138: 44270 | B138: AMZN_2 | C138: AMZN | D138: 63.36 | E138: 154.08 | G138: 9762.5088 | H138: 12628.234 | I138: Gabriel
A139: 44270 | B139: ASX:NDQ_2 | C139: ASX:NDQ | D139: 258 | F139: 27.65 | H139: 7133.7 | I139: Gabriel
A140: 44270 | B140: ASX:VAS_1 | C140: ASX:VAS | D140: 178 | F140: 87.37 | H140: 15551.86 | I140: Gabriel
A141: 44270 | B141: ASX:VEU_2 | C141: ASX:VEU | D141: 125 | F141: 78.95 | H141: 9868.75 | I141: Gabriel
...

Sheet Pivot Table
B8: (empty) | C8: Ticker ID
B9: Row Labels | C9: CRM_1 | D9: Total Result
B10: CRM
B11: 44235
B12: 44242
B13: 44249
B14: 44256
B15: 44263
B16: 44270
B17: 44277
B18: 44284
B19: 44291
B20: 44298
B21: 44305
B22: 44312
... B276: 46090
B277: Total Result

Sheet PnL_Data
A1: Date | B1: Owner | C1: Ticker | D1: P&L AUD | E1: Portfolio Value AUD | F1: Cost Basis AUD
A2: 44116 | B2: Gabriel | C2: AAPL | D2: 525.1 | E2: 14388.19 | F2: 13863.09
A3: 44116 | B3: Gabriel | C3: AMZN | D3: 1257.82 | E3: 15121.06 | F3: 13863.24
A4: 44116 | B4: Gabriel | C4: MSFT | D4: 312.77 | E4: 10183.53 | F4: 9870.76
A5: 44116 | B5: Gabriel | C5: TSLA | D5: 579.98 | E5: 11713.22 | F5: 11133.24
A6: 44117 | B6: Gabriel | C6: AAPL | D6: 197.02 | E6: 14060.11 | F6: 13863.09
A7: 44117 | B7: Gabriel | C7: AMZN | D7: 1318.33 | E7: 15181.57 | F7: 13863.24
A8: 44117 | B8: Gabriel | C8: MSFT | D8: 419.16 | E8: 10289.91 | F8: 9870.76
A9: 44117 | B9: Gabriel | C9: TSLA | D9: 740.45 | E9: 11873.69 | F9: 11133.24
A10: 44118 | B10: Gabriel | C10: AAPL | D10: 230.22 | E10: 14093.31 | F10: 13863.09
A11: 44118 | B11: Gabriel | C11: AMZN | D11: 990.5 | E11: 14853.74 | F11: 13863.24
A12: 44118 | B12: Gabriel | C12: MSFT | D12: 343.3 | E12: 10214.06 | F12: 9870.76
A13: 44118 | B13: Gabriel | C13: TSLA | D13: 1150.27 | E13: 12283.51 | F13: 11133.24
... A18344: 46094 | B18344: Gabriel | C18344: ASX:VTS | D18344: 6092.61 | E18344: 13498.63 | F18344: 7406.02

Sheet Position
A1: Current Holdings — 14 April 2026
A3: Owner | B3: Ticker | C3: Type | D3: Qty | E3: Purchase Date | F3: Buy Price | G3: Current Price | H3: Current Value (AUD) | I3: Price Variation ($) | J3: Price Variation (%)
A4: Arina | B4: AMZN | C4: Stock | D4: 20 | E4: 44350 | F4: 160 | G4: 233.65 | H4: 6622.2632 | I4: =(G4*D4)-(F4*D4) -> 1473 | J4: =((G4*D4)-(F4*D4))/(F4*D4) -> 0.4603125
A5: Arina | B5: ARKK | C5: Stock | D5: 31.176929 | E5: 44300 | F5: 128.3 | G5: 68.92 | H5: 3045.0137 | I5: =(G5*D5)-(F5*D5) -> -1851.286 | J5: =((G5*D5)-(F5*D5))/(F5*D5) -> -0.46282151
A6: Arina | B6: ASX:NDQ | C6: Stock | D6: 233 | E6: 44322 | F6: 28.9 | G6: 51.26 | H6: 11943.58 | I6: =(G6*D6)-(F6*D6) -> 5209.88 | J6: =((G6*D6)-(F6*D6))/(F6*D6) -> 0.77370242
A7: Arina | B7: ASX:VEU | C7: Stock | D7: 48 | E7: 44322 | F7: 80.92 | G7: 107.6 | H7: 5164.8 | I7: =(G7*D7)-(F7*D7) -> 1280.64 | J7: =((G7*D7)-(F7*D7))/(F7*D7) -> 0.32970835
A8: Arina | B8: DIS | C8: Stock | D8: 21.350947 | E8: 44298 | F8: 187.35 | G8: 99.79 | H8: 3019.3595 | I8: =(G8*D8)-(F8*D8) -> -1869.4889 | J8: =((G8*D8)-(F8*D8))/(F8*D8) -> -0.46736056
A9: Arina | B9: FDX | C9: Stock | D9: 13.630454 | E9: 44244 | F9: 264 | G9: 377 | H9: 7282.1954 | I9: =(G9*D9)-(F9*D9) -> 1540.2413 | J9: =((G9*D9)-(F9*D9))/(F9*D9) -> 0.4280303
A10: Arina | B10: NIO | C10: Stock | D10: 66.334992 | E10: 44244 | F10: 60.3 | G10: 6.07 | H10: 570.61348 | I10: =(G10*D10)-(F10*D10) -> -3597.3466 | J10: =((G10*D10)-(F10*D10))/(F10*D10) -> -0.89933665
A11: Arina | B11: TSLA | C11: Stock | D11: 120.9 | E11: 44298 | F11: 297.17 | G11: 345.62 | H11: 59215.557 | I11: =(G11*D11)-(F11*D11) -> 5857.605 | J11: =((G11*D11)-(F11*D11))/(F11*D11) -> 0.16303799
A12: Gabriel | B12: AAPL | C12: Stock | D12: 83.4307 | E12: 44116 | F12: 119.86 | G12: 260.49 | H12: 30798.36 | I12: =(G12*D12)-(F12*D12) -> 11732.859 | J12: =((G12*D12)-(F12*D12))/(F12*D12) -> 1.1732855
A13: Gabriel | B13: AMZN | C13: Stock | D13: 63.36 | E13: 44116 | F13: 157.83 | G13: 233.65 | H13: 20979.33 | I13: =(G13*D13)-(F13*D13) -> 4803.9552 | J13: =((G13*D13)-(F13*D13))/(F13*D13) -> 0.48039029
A14: Gabriel | B14: ASX:NDQ | C14: Stock | D14: 258 | E14: 44204 | F14: 27.6 | G14: 51.26 | H14: 13225.08 | I14: =(G14*D14)-(F14*D14) -> 6104.28 | J14: =((G14*D14)-(F14*D14))/(F14*D14) -> 0.85724638
A15: Gabriel | B15: ASX:VAS | C15: Stock | D15: 178 | E15: 44204 | F15: 85.91 | G15: 107.56 | H15: 19145.68 | I15: =(G15*D15)-(F15*D15) -> 3853.7 | J15: =((G15*D15)-(F15*D15))/(F15*D15) -> 0.25200792
... A17: Gabriel | B17: ASX:VTS | C17: Stock | D17: 29 | E17: 44204 | F17: 255.38 | G17: 465.47 | H17: 13498.63 | I17: =(G17*D17)-(F17*D17) -> 6092.61 | J17: =((G17*D17)-(F17*D17))/(F17*D17) -> 0.82265643
A18: Gabriel | B18: BTCAUD | C18: Stock | D18: 0.07234 | E18: 44538 | F18: 69214 | I18: =(G18*D18)-(F18*D18) -> -5006.9408 | J18: =((G18*D18)-(F18*D18))/(F18*D18) -> -1
A19: Gabriel | B19: CRM | C19: Stock | D19: 27.7088 | E19: 44230 | F19: 235 | G19: 170.85 | H19: 6708.777 | I19: =(G19*D19)-(F19*D19) -> -1777.5195 | J19: =((G19*D19)-(F19*D19))/(F19*D19) -> -0.27297872
A20: Gabriel | B20: ETHAUD | C20: Stock | D20: 0.89 | E20: 44538 | F20: 5571 | I20: =(G20*D20)-(F20*D20) -> -4958.19 | J20: =((G20*D20)-(F20*D20))/(F20*D20) -> -1
A21: Gabriel | B21: MSFT | C21: Stock | D21: 33.1788 | E21: 44116 | F21: 214.6 | G21: 373.07 | H21: 17541.295 | I21: =(G21*D21)-(F21*D21) -> 5257.8444 | J21: =((G21*D21)-(F21*D21))/(F21*D21) -> 0.73844362
A22: Gabriel | B22: TSLA | C22: Stock | D22: 57.31 | E22: 44116 | F22: 140.13 | G22: 345.62 | H22: 28069.839 | I22: =(G22*D22)-(F22*D22) -> 11776.632 | J22: =((G22*D22)-(F22*D22))/(F22*D22) -> 1.466424
